stt,Mã sản phẩm,Tên sản phẩm,Dung Lượng RAM/ ROM,Giá,Mô tả,Hình ảnh sản phẩm 1,Hình ảnh sản phẩm 2,Hình ảnh sản phẩm 3,Hình ảnh sản phẩm 4,Hình ảnh sản phẩm 5,Hình ảnh sản phẩm 6
1,1,iPhone X,3/64,10.000.000,Thông số kĩ thuật sẽ được hiển thị ở đây,"""C:\Users\phamt\OneDrive\Desktop\auto-iphone\picture iphone\X series\X Silver-.png""","""C:\Users\phamt\OneDrive\Desktop\auto-iphone\picture iphone\X series\X Space Gray-.png""",,,,
2,2,iPhone X,3/256,10.000.000,Thông số kĩ thuật sẽ được hiển thị ở đây,"""C:\Users\phamt\OneDrive\Desktop\auto-iphone\picture iphone\X series\X Silver-.png""","""C:\Users\phamt\OneDrive\Desktop\auto-iphone\picture iphone\X series\X Space Gray-.png""",,,,
3,3,iPhone XR,3/64,10.000.000,Thông số kĩ thuật sẽ được hiển thị ở đây,"""C:\Users\phamt\OneDrive\Desktop\auto-iphone\picture iphone\X series\XR White-.png""","""C:\Users\phamt\OneDrive\Desktop\auto-iphone\picture iphone\X series\XR Red-.png""","""C:\Users\phamt\OneDrive\Desktop\auto-iphone\picture iphone\X series\XR Orange-.png""","""C:\Users\phamt\OneDrive\Desktop\auto-iphone\picture iphone\X series\XR Yellow-.png""","""C:\Users\phamt\OneDrive\Desktop\auto-iphone\picture iphone\X series\XR Blue-.png""","""C:\Users\phamt\OneDrive\Desktop\auto-iphone\picture iphone\X series\XR black-.png"""
4,4,iPhone XR,3/128,10.000.000,Thông số kĩ thuật sẽ được hiển thị ở đây,"""C:\Users\phamt\OneDrive\Desktop\auto-iphone\picture iphone\X series\XR White-.png""","""C:\Users\phamt\OneDrive\Desktop\auto-iphone\picture iphone\X series\XR Red-.png""","""C:\Users\phamt\OneDrive\Desktop\auto-iphone\picture iphone\X series\XR Orange-.png""","""C:\Users\phamt\OneDrive\Desktop\auto-iphone\picture iphone\X series\XR Yellow-.png""","""C:\Users\phamt\OneDrive\Desktop\auto-iphone\picture iphone\X series\XR Blue-.png""","""C:\Users\phamt\OneDrive\Desktop\auto-iphone\picture iphone\X series\XR black-.png"""
5,5,iPhone XR,3/256,10.000.000,Thông số kĩ thuật sẽ được hiển thị ở đây,"""C:\Users\phamt\OneDrive\Desktop\auto-iphone\picture iphone\X series\XR White-.png""","""C:\Users\phamt\OneDrive\Desktop\auto-iphone\picture iphone\X series\XR Red-.png""","""C:\Users\phamt\OneDrive\Desktop\auto-iphone\picture iphone\X series\XR Orange-.png""","""C:\Users\phamt\OneDrive\Desktop\auto-iphone\picture iphone\X series\XR Yellow-.png""","""C:\Users\phamt\OneDrive\Desktop\auto-iphone\picture iphone\X series\XR Blue-.png""","""C:\Users\phamt\OneDrive\Desktop\auto-iphone\picture iphone\X series\XR black-.png"""
6,6,iPhone XS,4/64,10.000.000,Thông số kĩ thuật sẽ được hiển thị ở đây,"""C:\Users\phamt\OneDrive\Desktop\auto-iphone\picture iphone\X series\XS Gold yellow.jpg""","""C:\Users\phamt\OneDrive\Desktop\auto-iphone\picture iphone\X series\XS Gray-.png""","""C:\Users\phamt\OneDrive\Desktop\auto-iphone\picture iphone\X series\XS Silver-.png""",,,
7,7,iPhone XS,4/256,10.000.000,Thông số kĩ thuật sẽ được hiển thị ở đây,"""C:\Users\phamt\OneDrive\Desktop\auto-iphone\picture iphone\X series\XS Gold yellow.jpg""","""C:\Users\phamt\OneDrive\Desktop\auto-iphone\picture iphone\X series\XS Gray-.png""","""C:\Users\phamt\OneDrive\Desktop\auto-iphone\picture iphone\X series\XS Silver-.png""",,,
8,8,iPhone XS,4/512,10.000.000,Thông số kĩ thuật sẽ được hiển thị ở đây,"""C:\Users\phamt\OneDrive\Desktop\auto-iphone\picture iphone\X series\XS Gold yellow.jpg""","""C:\Users\phamt\OneDrive\Desktop\auto-iphone\picture iphone\X series\XS Gray-.png""","""C:\Users\phamt\OneDrive\Desktop\auto-iphone\picture iphone\X series\XS Silver-.png""",,,
9,9,iPhone XS Max,4/64,10.000.000,Thông số kĩ thuật sẽ được hiển thị ở đây,"""C:\Users\phamt\OneDrive\Desktop\auto-iphone\picture iphone\X series\XS Max Gold-.png""","""C:\Users\phamt\OneDrive\Desktop\auto-iphone\picture iphone\X series\XS Max Space Grey.png""","""C:\Users\phamt\OneDrive\Desktop\auto-iphone\picture iphone\X series\XS Max Silver-.png""",,,
10,10,iPhone XS Max,4/256,10.000.000,Thông số kĩ thuật sẽ được hiển thị ở đây,"""C:\Users\phamt\OneDrive\Desktop\auto-iphone\picture iphone\X series\XS Max Gold-.png""","""C:\Users\phamt\OneDrive\Desktop\auto-iphone\picture iphone\X series\XS Max Space Grey.png""","""C:\Users\phamt\OneDrive\Desktop\auto-iphone\picture iphone\X series\XS Max Silver-.png""",,,
11,11,iPhone XS Max,4/512,10.000.000,Thông số kĩ thuật sẽ được hiển thị ở đây,"""C:\Users\phamt\OneDrive\Desktop\auto-iphone\picture iphone\X series\XS Max Gold-.png""","""C:\Users\phamt\OneDrive\Desktop\auto-iphone\picture iphone\X series\XS Max Space Grey.png""","""C:\Users\phamt\OneDrive\Desktop\auto-iphone\picture iphone\X series\XS Max Silver-.png""",,,
12,12,iPhone 11,4/64,10.000.000,Thông số kĩ thuật sẽ được hiển thị ở đây,"""C:\Users\phamt\OneDrive\Desktop\auto-iphone\picture iphone\11 series\11 White-.png""","""C:\Users\phamt\OneDrive\Desktop\auto-iphone\picture iphone\11 series\11 Black-.png""","""C:\Users\phamt\OneDrive\Desktop\auto-iphone\picture iphone\11 series\11 Green-.png""","""C:\Users\phamt\OneDrive\Desktop\auto-iphone\picture iphone\11 series\11 Purple.png""","""C:\Users\phamt\OneDrive\Desktop\auto-iphone\picture iphone\11 series\11 Yellow.png""","""C:\Users\phamt\OneDrive\Desktop\auto-iphone\picture iphone\11 series\11 Red.png"""
13,13,iPhone 11,4/128,10.000.000,Thông số kĩ thuật sẽ được hiển thị ở đây,"""C:\Users\phamt\OneDrive\Desktop\auto-iphone\picture iphone\11 series\11 White-.png""","""C:\Users\phamt\OneDrive\Desktop\auto-iphone\picture iphone\11 series\11 Black-.png""","""C:\Users\phamt\OneDrive\Desktop\auto-iphone\picture iphone\11 series\11 Green-.png""","""C:\Users\phamt\OneDrive\Desktop\auto-iphone\picture iphone\11 series\11 Purple.png""","""C:\Users\phamt\OneDrive\Desktop\auto-iphone\picture iphone\11 series\11 Yellow.png""","""C:\Users\phamt\OneDrive\Desktop\auto-iphone\picture iphone\11 series\11 Red.png"""
14,14,iPhone 11,4/256,10.000.000,Thông số kĩ thuật sẽ được hiển thị ở đây,"""C:\Users\phamt\OneDrive\Desktop\auto-iphone\picture iphone\11 series\11 White-.png""","""C:\Users\phamt\OneDrive\Desktop\auto-iphone\picture iphone\11 series\11 Black-.png""","""C:\Users\phamt\OneDrive\Desktop\auto-iphone\picture iphone\11 series\11 Green-.png""","""C:\Users\phamt\OneDrive\Desktop\auto-iphone\picture iphone\11 series\11 Purple.png""","""C:\Users\phamt\OneDrive\Desktop\auto-iphone\picture iphone\11 series\11 Yellow.png""","""C:\Users\phamt\OneDrive\Desktop\auto-iphone\picture iphone\11 series\11 Red.png"""
15,15,iPhone 11 Pro,4/64,10.000.000,Thông số kĩ thuật sẽ được hiển thị ở đây,"""C:\Users\phamt\OneDrive\Desktop\auto-iphone\picture iphone\11 series\11 Pro Green-.png""","""C:\Users\phamt\OneDrive\Desktop\auto-iphone\picture iphone\11 series\11 Pro Golden-.png""","""C:\Users\phamt\OneDrive\Desktop\auto-iphone\picture iphone\11 series\11 Pro Silver-.png""","""C:\Users\phamt\OneDrive\Desktop\auto-iphone\picture iphone\11 series\11 Pro Space Grey-.png""",,
16,16,iPhone 11 Pro,4/256,10.000.000,Thông số kĩ thuật sẽ được hiển thị ở đây,"""C:\Users\phamt\OneDrive\Desktop\auto-iphone\picture iphone\11 series\11 Pro Green-.png""","""C:\Users\phamt\OneDrive\Desktop\auto-iphone\picture iphone\11 series\11 Pro Golden-.png""","""C:\Users\phamt\OneDrive\Desktop\auto-iphone\picture iphone\11 series\11 Pro Silver-.png""","""C:\Users\phamt\OneDrive\Desktop\auto-iphone\picture iphone\11 series\11 Pro Space Grey-.png""",,
17,17,iPhone 11 Pro,4/512,10.000.000,Thông số kĩ thuật sẽ được hiển thị ở đây,"""C:\Users\phamt\OneDrive\Desktop\auto-iphone\picture iphone\11 series\11 Pro Green-.png""","""C:\Users\phamt\OneDrive\Desktop\auto-iphone\picture iphone\11 series\11 Pro Golden-.png""","""C:\Users\phamt\OneDrive\Desktop\auto-iphone\picture iphone\11 series\11 Pro Silver-.png""","""C:\Users\phamt\OneDrive\Desktop\auto-iphone\picture iphone\11 series\11 Pro Space Grey-.png""",,
18,18,iPhone 11 Pro Max,4/64,10.000.000,Thông số kĩ thuật sẽ được hiển thị ở đây,"""C:\Users\phamt\OneDrive\Desktop\auto-iphone\picture iphone\11 series\11 Pro Max Green-.png""","""C:\Users\phamt\OneDrive\Desktop\auto-iphone\picture iphone\11 series\11 Pro Max Golden-.png""","""C:\Users\phamt\OneDrive\Desktop\auto-iphone\picture iphone\11 series\11 Pro Max Silver.png""","""C:\Users\phamt\OneDrive\Desktop\auto-iphone\picture iphone\11 series\11 Pro Max Space Grey-.png""",,
19,19,iPhone 11 Pro Max,4/256,10.000.000,Thông số kĩ thuật sẽ được hiển thị ở đây,"""C:\Users\phamt\OneDrive\Desktop\auto-iphone\picture iphone\11 series\11 Pro Max Green-.png""","""C:\Users\phamt\OneDrive\Desktop\auto-iphone\picture iphone\11 series\11 Pro Max Golden-.png""","""C:\Users\phamt\OneDrive\Desktop\auto-iphone\picture iphone\11 series\11 Pro Max Silver.png""","""C:\Users\phamt\OneDrive\Desktop\auto-iphone\picture iphone\11 series\11 Pro Max Space Grey-.png""",,
20,20,iPhone 11 Pro Max,4/512,10.000.000,Thông số kĩ thuật sẽ được hiển thị ở đây,"""C:\Users\phamt\OneDrive\Desktop\auto-iphone\picture iphone\11 series\11 Pro Max Green-.png""","""C:\Users\phamt\OneDrive\Desktop\auto-iphone\picture iphone\11 series\11 Pro Max Golden-.png""","""C:\Users\phamt\OneDrive\Desktop\auto-iphone\picture iphone\11 series\11 Pro Max Silver.png""","""C:\Users\phamt\OneDrive\Desktop\auto-iphone\picture iphone\11 series\11 Pro Max Space Grey-.png""",,
21,21,iPhone 12,4/64,10.000.000,Thông số kĩ thuật sẽ được hiển thị ở đây,"""C:\Users\phamt\OneDrive\Desktop\auto-iphone\picture iphone\12 series\12 Black.png""","""C:\Users\phamt\OneDrive\Desktop\auto-iphone\picture iphone\12 series\12 Blue.png""","""C:\Users\phamt\OneDrive\Desktop\auto-iphone\picture iphone\12 series\12 Green.png""","""C:\Users\phamt\OneDrive\Desktop\auto-iphone\picture iphone\12 series\12 Purple.png""","""C:\Users\phamt\OneDrive\Desktop\auto-iphone\picture iphone\12 series\12 Red.png""","""C:\Users\phamt\OneDrive\Desktop\auto-iphone\picture iphone\12 series\12 White.png"""
22,22,iPhone 12,4/128,10.000.000,Thông số kĩ thuật sẽ được hiển thị ở đây,"""C:\Users\phamt\OneDrive\Desktop\auto-iphone\picture iphone\12 series\12 Black.png""","""C:\Users\phamt\OneDrive\Desktop\auto-iphone\picture iphone\12 series\12 Blue.png""","""C:\Users\phamt\OneDrive\Desktop\auto-iphone\picture iphone\12 series\12 Green.png""","""C:\Users\phamt\OneDrive\Desktop\auto-iphone\picture iphone\12 series\12 Purple.png""","""C:\Users\phamt\OneDrive\Desktop\auto-iphone\picture iphone\12 series\12 Red.png""","""C:\Users\phamt\OneDrive\Desktop\auto-iphone\picture iphone\12 series\12 White.png"""
23,23,iPhone 12,4/256,10.000.000,Thông số kĩ thuật sẽ được hiển thị ở đây,"""C:\Users\phamt\OneDrive\Desktop\auto-iphone\picture iphone\12 series\12 Black.png""","""C:\Users\phamt\OneDrive\Desktop\auto-iphone\picture iphone\12 series\12 Blue.png""","""C:\Users\phamt\OneDrive\Desktop\auto-iphone\picture iphone\12 series\12 Green.png""","""C:\Users\phamt\OneDrive\Desktop\auto-iphone\picture iphone\12 series\12 Purple.png""","""C:\Users\phamt\OneDrive\Desktop\auto-iphone\picture iphone\12 series\12 Red.png""","""C:\Users\phamt\OneDrive\Desktop\auto-iphone\picture iphone\12 series\12 White.png"""
24,24,iPhone 12 Mini,4/64,10.000.000,Thông số kĩ thuật sẽ được hiển thị ở đây,"""C:\Users\phamt\OneDrive\Desktop\auto-iphone\picture iphone\12 series\12 Mini Black.png""","""C:\Users\phamt\OneDrive\Desktop\auto-iphone\picture iphone\12 series\12 Mini Blue.png""","""C:\Users\phamt\OneDrive\Desktop\auto-iphone\picture iphone\12 series\12 Mini Green.png""","""C:\Users\phamt\OneDrive\Desktop\auto-iphone\picture iphone\12 series\12 Mini Purple.png""","""C:\Users\phamt\OneDrive\Desktop\auto-iphone\picture iphone\12 series\12 Mini Red.png""","""C:\Users\phamt\OneDrive\Desktop\auto-iphone\picture iphone\12 series\12 Mini White.png"""
25,25,iPhone 12 Mini,4/128,10.000.000,Thông số kĩ thuật sẽ được hiển thị ở đây,"""C:\Users\phamt\OneDrive\Desktop\auto-iphone\picture iphone\12 series\12 Mini Black.png""","""C:\Users\phamt\OneDrive\Desktop\auto-iphone\picture iphone\12 series\12 Mini Blue.png""","""C:\Users\phamt\OneDrive\Desktop\auto-iphone\picture iphone\12 series\12 Mini Green.png""","""C:\Users\phamt\OneDrive\Desktop\auto-iphone\picture iphone\12 series\12 Mini Purple.png""","""C:\Users\phamt\OneDrive\Desktop\auto-iphone\picture iphone\12 series\12 Mini Red.png""","""C:\Users\phamt\OneDrive\Desktop\auto-iphone\picture iphone\12 series\12 Mini White.png"""
26,26,iPhone 12 Mini,4/256,10.000.000,Thông số kĩ thuật sẽ được hiển thị ở đây,"""C:\Users\phamt\OneDrive\Desktop\auto-iphone\picture iphone\12 series\12 Mini Black.png""","""C:\Users\phamt\OneDrive\Desktop\auto-iphone\picture iphone\12 series\12 Mini Blue.png""","""C:\Users\phamt\OneDrive\Desktop\auto-iphone\picture iphone\12 series\12 Mini Green.png""","""C:\Users\phamt\OneDrive\Desktop\auto-iphone\picture iphone\12 series\12 Mini Purple.png""","""C:\Users\phamt\OneDrive\Desktop\auto-iphone\picture iphone\12 series\12 Mini Red.png""","""C:\Users\phamt\OneDrive\Desktop\auto-iphone\picture iphone\12 series\12 Mini White.png"""
27,27,iPhone 12 Pro,6/128,10.000.000,Thông số kĩ thuật sẽ được hiển thị ở đây,"""C:\Users\phamt\OneDrive\Desktop\auto-iphone\picture iphone\12 series\12 Pro Blue.png""","""C:\Users\phamt\OneDrive\Desktop\auto-iphone\picture iphone\12 series\12 Pro Golden.png""","""C:\Users\phamt\OneDrive\Desktop\auto-iphone\picture iphone\12 series\12 Pro Silver.png""","""C:\Users\phamt\OneDrive\Desktop\auto-iphone\picture iphone\12 series\12 Pro Grey.png""",,
28,28,iPhone 12 Pro,6/256,10.000.000,Thông số kĩ thuật sẽ được hiển thị ở đây,"""C:\Users\phamt\OneDrive\Desktop\auto-iphone\picture iphone\12 series\12 Pro Blue.png""","""C:\Users\phamt\OneDrive\Desktop\auto-iphone\picture iphone\12 series\12 Pro Golden.png""","""C:\Users\phamt\OneDrive\Desktop\auto-iphone\picture iphone\12 series\12 Pro Silver.png""","""C:\Users\phamt\OneDrive\Desktop\auto-iphone\picture iphone\12 series\12 Pro Grey.png""",,
29,29,iPhone 12 Pro,6/512,10.000.000,Thông số kĩ thuật sẽ được hiển thị ở đây,"""C:\Users\phamt\OneDrive\Desktop\auto-iphone\picture iphone\12 series\12 Pro Blue.png""","""C:\Users\phamt\OneDrive\Desktop\auto-iphone\picture iphone\12 series\12 Pro Golden.png""","""C:\Users\phamt\OneDrive\Desktop\auto-iphone\picture iphone\12 series\12 Pro Silver.png""","""C:\Users\phamt\OneDrive\Desktop\auto-iphone\picture iphone\12 series\12 Pro Grey.png""",,
30,30,iPhone 12 Pro Max,6/128,10.000.000,Thông số kĩ thuật sẽ được hiển thị ở đây,"""C:\Users\phamt\OneDrive\Desktop\auto-iphone\picture iphone\12 series\12 Pro Max Blue.png""","""C:\Users\phamt\OneDrive\Desktop\auto-iphone\picture iphone\12 series\12 Pro Max Golden.png""","""C:\Users\phamt\OneDrive\Desktop\auto-iphone\picture iphone\12 series\12 Pro Max Silver.png""","""C:\Users\phamt\OneDrive\Desktop\auto-iphone\picture iphone\12 series\12 Pro Max Grey.jpg""",,
31,31,iPhone 12 Pro Max,6/256,10.000.000,Thông số kĩ thuật sẽ được hiển thị ở đây,"""C:\Users\phamt\OneDrive\Desktop\auto-iphone\picture iphone\12 series\12 Pro Max Blue.png""","""C:\Users\phamt\OneDrive\Desktop\auto-iphone\picture iphone\12 series\12 Pro Max Golden.png""","""C:\Users\phamt\OneDrive\Desktop\auto-iphone\picture iphone\12 series\12 Pro Max Silver.png""","""C:\Users\phamt\OneDrive\Desktop\auto-iphone\picture iphone\12 series\12 Pro Max Grey.jpg""",,
32,32,iPhone 12 Pro Max,6/512,10.000.000,Thông số kĩ thuật sẽ được hiển thị ở đây,"""C:\Users\phamt\OneDrive\Desktop\auto-iphone\picture iphone\12 series\12 Pro Max Blue.png""","""C:\Users\phamt\OneDrive\Desktop\auto-iphone\picture iphone\12 series\12 Pro Max Golden.png""","""C:\Users\phamt\OneDrive\Desktop\auto-iphone\picture iphone\12 series\12 Pro Max Silver.png""","""C:\Users\phamt\OneDrive\Desktop\auto-iphone\picture iphone\12 series\12 Pro Max Grey.jpg""",,
33,33,iPhone 13,4/128,10.000.000,Thông số kĩ thuật sẽ được hiển thị ở đây,"""C:\Users\phamt\OneDrive\Desktop\auto-iphone\picture iphone\13 series\13 Black.png""","""C:\Users\phamt\OneDrive\Desktop\auto-iphone\picture iphone\13 series\13 Blue.png""","""C:\Users\phamt\OneDrive\Desktop\auto-iphone\picture iphone\13 series\13 Green.png""","""C:\Users\phamt\OneDrive\Desktop\auto-iphone\picture iphone\13 series\13 Pink.png""","""C:\Users\phamt\OneDrive\Desktop\auto-iphone\picture iphone\13 series\13 Red.png""","""C:\Users\phamt\OneDrive\Desktop\auto-iphone\picture iphone\13 series\13 White.png"""
34,34,iPhone 13,4/256,10.000.000,Thông số kĩ thuật sẽ được hiển thị ở đây,"""C:\Users\phamt\OneDrive\Desktop\auto-iphone\picture iphone\13 series\13 Black.png""","""C:\Users\phamt\OneDrive\Desktop\auto-iphone\picture iphone\13 series\13 Blue.png""","""C:\Users\phamt\OneDrive\Desktop\auto-iphone\picture iphone\13 series\13 Green.png""","""C:\Users\phamt\OneDrive\Desktop\auto-iphone\picture iphone\13 series\13 Pink.png""","""C:\Users\phamt\OneDrive\Desktop\auto-iphone\picture iphone\13 series\13 Red.png""","""C:\Users\phamt\OneDrive\Desktop\auto-iphone\picture iphone\13 series\13 White.png"""
35,35,iPhone 13,4/512,10.000.000,Thông số kĩ thuật sẽ được hiển thị ở đây,"""C:\Users\phamt\OneDrive\Desktop\auto-iphone\picture iphone\13 series\13 Black.png""","""C:\Users\phamt\OneDrive\Desktop\auto-iphone\picture iphone\13 series\13 Blue.png""","""C:\Users\phamt\OneDrive\Desktop\auto-iphone\picture iphone\13 series\13 Green.png""","""C:\Users\phamt\OneDrive\Desktop\auto-iphone\picture iphone\13 series\13 Pink.png""","""C:\Users\phamt\OneDrive\Desktop\auto-iphone\picture iphone\13 series\13 Red.png""","""C:\Users\phamt\OneDrive\Desktop\auto-iphone\picture iphone\13 series\13 White.png"""
36,36,iPhone 13 Mini,4/128,10.000.000,Thông số kĩ thuật sẽ được hiển thị ở đây,"""C:\Users\phamt\OneDrive\Desktop\auto-iphone\picture iphone\13 series\13 Mini Green.png""","""C:\Users\phamt\OneDrive\Desktop\auto-iphone\picture iphone\13 series\13 Mini Pink.png""","""C:\Users\phamt\OneDrive\Desktop\auto-iphone\picture iphone\13 series\13 Mini Blue.png""","""C:\Users\phamt\OneDrive\Desktop\auto-iphone\picture iphone\13 series\13 Mini Red.png""","""C:\Users\phamt\OneDrive\Desktop\auto-iphone\picture iphone\13 series\13 Mini White.png""","""C:\Users\phamt\OneDrive\Desktop\auto-iphone\picture iphone\13 series\13 Mini Black.png"""
37,37,iPhone 13 Mini,4/256,10.000.000,Thông số kĩ thuật sẽ được hiển thị ở đây,"""C:\Users\phamt\OneDrive\Desktop\auto-iphone\picture iphone\13 series\13 Mini Green.png""","""C:\Users\phamt\OneDrive\Desktop\auto-iphone\picture iphone\13 series\13 Mini Pink.png""","""C:\Users\phamt\OneDrive\Desktop\auto-iphone\picture iphone\13 series\13 Mini Blue.png""","""C:\Users\phamt\OneDrive\Desktop\auto-iphone\picture iphone\13 series\13 Mini Red.png""","""C:\Users\phamt\OneDrive\Desktop\auto-iphone\picture iphone\13 series\13 Mini White.png""","""C:\Users\phamt\OneDrive\Desktop\auto-iphone\picture iphone\13 series\13 Mini Black.png"""
38,38,iPhone 13 Mini,4/512,10.000.000,Thông số kĩ thuật sẽ được hiển thị ở đây,"""C:\Users\phamt\OneDrive\Desktop\auto-iphone\picture iphone\13 series\13 Mini Green.png""","""C:\Users\phamt\OneDrive\Desktop\auto-iphone\picture iphone\13 series\13 Mini Pink.png""","""C:\Users\phamt\OneDrive\Desktop\auto-iphone\picture iphone\13 series\13 Mini Blue.png""","""C:\Users\phamt\OneDrive\Desktop\auto-iphone\picture iphone\13 series\13 Mini Red.png""","""C:\Users\phamt\OneDrive\Desktop\auto-iphone\picture iphone\13 series\13 Mini White.png""","""C:\Users\phamt\OneDrive\Desktop\auto-iphone\picture iphone\13 series\13 Mini Black.png"""
39,39,iPhone 13 Pro,6/128,10.000.000,Thông số kĩ thuật sẽ được hiển thị ở đây,"""C:\Users\phamt\OneDrive\Desktop\auto-iphone\picture iphone\13 series\13 Pro Green.png""","""C:\Users\phamt\OneDrive\Desktop\auto-iphone\picture iphone\13 series\13 Pro Blue.png""","""C:\Users\phamt\OneDrive\Desktop\auto-iphone\picture iphone\13 series\13 Pro Golden.png""","""C:\Users\phamt\OneDrive\Desktop\auto-iphone\picture iphone\13 series\13 Pro Silver.png""","""C:\Users\phamt\OneDrive\Desktop\auto-iphone\picture iphone\13 series\13 Pro Black.png""",
40,40,iPhone 13 Pro,6/256,10.000.000,Thông số kĩ thuật sẽ được hiển thị ở đây,"""C:\Users\phamt\OneDrive\Desktop\auto-iphone\picture iphone\13 series\13 Pro Green.png""","""C:\Users\phamt\OneDrive\Desktop\auto-iphone\picture iphone\13 series\13 Pro Blue.png""","""C:\Users\phamt\OneDrive\Desktop\auto-iphone\picture iphone\13 series\13 Pro Golden.png""","""C:\Users\phamt\OneDrive\Desktop\auto-iphone\picture iphone\13 series\13 Pro Silver.png""","""C:\Users\phamt\OneDrive\Desktop\auto-iphone\picture iphone\13 series\13 Pro Black.png""",
41,41,iPhone 13 Pro,6/512,10.000.000,Thông số kĩ thuật sẽ được hiển thị ở đây,"""C:\Users\phamt\OneDrive\Desktop\auto-iphone\picture iphone\13 series\13 Pro Green.png""","""C:\Users\phamt\OneDrive\Desktop\auto-iphone\picture iphone\13 series\13 Pro Blue.png""","""C:\Users\phamt\OneDrive\Desktop\auto-iphone\picture iphone\13 series\13 Pro Golden.png""","""C:\Users\phamt\OneDrive\Desktop\auto-iphone\picture iphone\13 series\13 Pro Silver.png""","""C:\Users\phamt\OneDrive\Desktop\auto-iphone\picture iphone\13 series\13 Pro Black.png""",
42,42,iPhone 13 Pro,6/1T,10.000.000,Thông số kĩ thuật sẽ được hiển thị ở đây,"""C:\Users\phamt\OneDrive\Desktop\auto-iphone\picture iphone\13 series\13 Pro Green.png""","""C:\Users\phamt\OneDrive\Desktop\auto-iphone\picture iphone\13 series\13 Pro Blue.png""","""C:\Users\phamt\OneDrive\Desktop\auto-iphone\picture iphone\13 series\13 Pro Golden.png""","""C:\Users\phamt\OneDrive\Desktop\auto-iphone\picture iphone\13 series\13 Pro Silver.png""","""C:\Users\phamt\OneDrive\Desktop\auto-iphone\picture iphone\13 series\13 Pro Black.png""",
43,43,iPhone 13 Pro Max,6/128,10.000.000,Thông số kĩ thuật sẽ được hiển thị ở đây,"""C:\Users\phamt\OneDrive\Desktop\auto-iphone\picture iphone\13 series\13 Pro Max Green.png""","""C:\Users\phamt\OneDrive\Desktop\auto-iphone\picture iphone\13 series\13 Pro Max Blue.png""","""C:\Users\phamt\OneDrive\Desktop\auto-iphone\picture iphone\13 series\13 Pro Max Golden.png""","""C:\Users\phamt\OneDrive\Desktop\auto-iphone\picture iphone\13 series\13 Pro Max Silver.png""","""C:\Users\phamt\OneDrive\Desktop\auto-iphone\picture iphone\13 series\13 Pro Max Black.png""",
44,44,iPhone 13 Pro Max,6/256,10.000.000,Thông số kĩ thuật sẽ được hiển thị ở đây,"""C:\Users\phamt\OneDrive\Desktop\auto-iphone\picture iphone\13 series\13 Pro Max Green.png""","""C:\Users\phamt\OneDrive\Desktop\auto-iphone\picture iphone\13 series\13 Pro Max Blue.png""","""C:\Users\phamt\OneDrive\Desktop\auto-iphone\picture iphone\13 series\13 Pro Max Golden.png""","""C:\Users\phamt\OneDrive\Desktop\auto-iphone\picture iphone\13 series\13 Pro Max Silver.png""","""C:\Users\phamt\OneDrive\Desktop\auto-iphone\picture iphone\13 series\13 Pro Max Black.png""",
45,45,iPhone 13 Pro Max,6/512,10.000.000,Thông số kĩ thuật sẽ được hiển thị ở đây,"""C:\Users\phamt\OneDrive\Desktop\auto-iphone\picture iphone\13 series\13 Pro Max Green.png""","""C:\Users\phamt\OneDrive\Desktop\auto-iphone\picture iphone\13 series\13 Pro Max Blue.png""","""C:\Users\phamt\OneDrive\Desktop\auto-iphone\picture iphone\13 series\13 Pro Max Golden.png""","""C:\Users\phamt\OneDrive\Desktop\auto-iphone\picture iphone\13 series\13 Pro Max Silver.png""","""C:\Users\phamt\OneDrive\Desktop\auto-iphone\picture iphone\13 series\13 Pro Max Black.png""",
46,46,iPhone 13 Pro Max,6/1T,10.000.000,Thông số kĩ thuật sẽ được hiển thị ở đây,"""C:\Users\phamt\OneDrive\Desktop\auto-iphone\picture iphone\13 series\13 Pro Max Green.png""","""C:\Users\phamt\OneDrive\Desktop\auto-iphone\picture iphone\13 series\13 Pro Max Blue.png""","""C:\Users\phamt\OneDrive\Desktop\auto-iphone\picture iphone\13 series\13 Pro Max Golden.png""","""C:\Users\phamt\OneDrive\Desktop\auto-iphone\picture iphone\13 series\13 Pro Max Silver.png""","""C:\Users\phamt\OneDrive\Desktop\auto-iphone\picture iphone\13 series\13 Pro Max Black.png""",
47,47,iPhone 14,6/128,10.000.000,Thông số kĩ thuật sẽ được hiển thị ở đây,"""C:\Users\phamt\OneDrive\Desktop\auto-iphone\picture iphone\14 series\14 Black.png""","""C:\Users\phamt\OneDrive\Desktop\auto-iphone\picture iphone\14 series\14 Blue.png""","""C:\Users\phamt\OneDrive\Desktop\auto-iphone\picture iphone\14 series\14 Purple.jpg""","""C:\Users\phamt\OneDrive\Desktop\auto-iphone\picture iphone\14 series\14 Red.png""","""C:\Users\phamt\OneDrive\Desktop\auto-iphone\picture iphone\14 series\14 White.png""","""C:\Users\phamt\OneDrive\Desktop\auto-iphone\picture iphone\14 series\14 Yellow.png"""
48,48,iPhone 14,6/256,10.000.000,Thông số kĩ thuật sẽ được hiển thị ở đây,"""C:\Users\phamt\OneDrive\Desktop\auto-iphone\picture iphone\14 series\14 Black.png""","""C:\Users\phamt\OneDrive\Desktop\auto-iphone\picture iphone\14 series\14 Blue.png""","""C:\Users\phamt\OneDrive\Desktop\auto-iphone\picture iphone\14 series\14 Purple.jpg""","""C:\Users\phamt\OneDrive\Desktop\auto-iphone\picture iphone\14 series\14 Red.png""","""C:\Users\phamt\OneDrive\Desktop\auto-iphone\picture iphone\14 series\14 White.png""","""C:\Users\phamt\OneDrive\Desktop\auto-iphone\picture iphone\14 series\14 Yellow.png"""
49,49,iPhone 14,6/512,10.000.000,Thông số kĩ thuật sẽ được hiển thị ở đây,"""C:\Users\phamt\OneDrive\Desktop\auto-iphone\picture iphone\14 series\14 Black.png""","""C:\Users\phamt\OneDrive\Desktop\auto-iphone\picture iphone\14 series\14 Blue.png""","""C:\Users\phamt\OneDrive\Desktop\auto-iphone\picture iphone\14 series\14 Purple.jpg""","""C:\Users\phamt\OneDrive\Desktop\auto-iphone\picture iphone\14 series\14 Red.png""","""C:\Users\phamt\OneDrive\Desktop\auto-iphone\picture iphone\14 series\14 White.png""","""C:\Users\phamt\OneDrive\Desktop\auto-iphone\picture iphone\14 series\14 Yellow.png"""
50,50,iPhone 14 Plus,6/128,10.000.000,Thông số kĩ thuật sẽ được hiển thị ở đây,"""C:\Users\phamt\OneDrive\Desktop\auto-iphone\picture iphone\14 series\14 Plus Purple.png""","""C:\Users\phamt\OneDrive\Desktop\auto-iphone\picture iphone\14 series\14 Plus Yellow.png""","""C:\Users\phamt\OneDrive\Desktop\auto-iphone\picture iphone\14 series\14 Plus Blue.png""","""C:\Users\phamt\OneDrive\Desktop\auto-iphone\picture iphone\14 series\14 Plus Red.png""","""C:\Users\phamt\OneDrive\Desktop\auto-iphone\picture iphone\14 series\14 Plus White.png""","""C:\Users\phamt\OneDrive\Desktop\auto-iphone\picture iphone\14 series\14 Plus Black.png"""
51,51,iPhone 14 Plus,6/256,10.000.000,Thông số kĩ thuật sẽ được hiển thị ở đây,"""C:\Users\phamt\OneDrive\Desktop\auto-iphone\picture iphone\14 series\14 Plus Purple.png""","""C:\Users\phamt\OneDrive\Desktop\auto-iphone\picture iphone\14 series\14 Plus Yellow.png""","""C:\Users\phamt\OneDrive\Desktop\auto-iphone\picture iphone\14 series\14 Plus Blue.png""","""C:\Users\phamt\OneDrive\Desktop\auto-iphone\picture iphone\14 series\14 Plus Red.png""","""C:\Users\phamt\OneDrive\Desktop\auto-iphone\picture iphone\14 series\14 Plus White.png""","""C:\Users\phamt\OneDrive\Desktop\auto-iphone\picture iphone\14 series\14 Plus Black.png"""
52,52,iPhone 14 Plus,6/512,10.000.000,Thông số kĩ thuật sẽ được hiển thị ở đây,"""C:\Users\phamt\OneDrive\Desktop\auto-iphone\picture iphone\14 series\14 Plus Purple.png""","""C:\Users\phamt\OneDrive\Desktop\auto-iphone\picture iphone\14 series\14 Plus Yellow.png""","""C:\Users\phamt\OneDrive\Desktop\auto-iphone\picture iphone\14 series\14 Plus Blue.png""","""C:\Users\phamt\OneDrive\Desktop\auto-iphone\picture iphone\14 series\14 Plus Red.png""","""C:\Users\phamt\OneDrive\Desktop\auto-iphone\picture iphone\14 series\14 Plus White.png""","""C:\Users\phamt\OneDrive\Desktop\auto-iphone\picture iphone\14 series\14 Plus Black.png"""
53,53,iPhone 14 Pro,6/128,10.000.000,Thông số kĩ thuật sẽ được hiển thị ở đây,"""C:\Users\phamt\OneDrive\Desktop\auto-iphone\picture iphone\14 series\14 Pro Purple.png""","""C:\Users\phamt\OneDrive\Desktop\auto-iphone\picture iphone\14 series\14 Pro Golden.png""","""C:\Users\phamt\OneDrive\Desktop\auto-iphone\picture iphone\14 series\14 Pro Silver.png""","""C:\Users\phamt\OneDrive\Desktop\auto-iphone\picture iphone\14 series\14 Pro Black.png""",,
54,54,iPhone 14 Pro,6/256,10.000.000,Thông số kĩ thuật sẽ được hiển thị ở đây,"""C:\Users\phamt\OneDrive\Desktop\auto-iphone\picture iphone\14 series\14 Pro Purple.png""","""C:\Users\phamt\OneDrive\Desktop\auto-iphone\picture iphone\14 series\14 Pro Golden.png""","""C:\Users\phamt\OneDrive\Desktop\auto-iphone\picture iphone\14 series\14 Pro Silver.png""","""C:\Users\phamt\OneDrive\Desktop\auto-iphone\picture iphone\14 series\14 Pro Black.png""",,
55,55,iPhone 14 Pro,6/512,10.000.000,Thông số kĩ thuật sẽ được hiển thị ở đây,"""C:\Users\phamt\OneDrive\Desktop\auto-iphone\picture iphone\14 series\14 Pro Purple.png""","""C:\Users\phamt\OneDrive\Desktop\auto-iphone\picture iphone\14 series\14 Pro Golden.png""","""C:\Users\phamt\OneDrive\Desktop\auto-iphone\picture iphone\14 series\14 Pro Silver.png""","""C:\Users\phamt\OneDrive\Desktop\auto-iphone\picture iphone\14 series\14 Pro Black.png""",,
56,56,iPhone 14 Pro,6/1T,10.000.000,Thông số kĩ thuật sẽ được hiển thị ở đây,"""C:\Users\phamt\OneDrive\Desktop\auto-iphone\picture iphone\14 series\14 Pro Purple.png""","""C:\Users\phamt\OneDrive\Desktop\auto-iphone\picture iphone\14 series\14 Pro Golden.png""","""C:\Users\phamt\OneDrive\Desktop\auto-iphone\picture iphone\14 series\14 Pro Silver.png""","""C:\Users\phamt\OneDrive\Desktop\auto-iphone\picture iphone\14 series\14 Pro Black.png""",,
57,57,iPhone 14 Pro Max,6/128,10.000.000,Thông số kĩ thuật sẽ được hiển thị ở đây,"""C:\Users\phamt\OneDrive\Desktop\auto-iphone\picture iphone\14 series\14 Pro Max Purple.png""","""C:\Users\phamt\OneDrive\Desktop\auto-iphone\picture iphone\14 series\14 Pro Max Golden.png""","""C:\Users\phamt\OneDrive\Desktop\auto-iphone\picture iphone\14 series\14 Pro Max Silver.png""","""C:\Users\phamt\OneDrive\Desktop\auto-iphone\picture iphone\14 series\14 Pro Max Black.png""",,
58,58,iPhone 14 Pro Max,6/256,10.000.000,Thông số kĩ thuật sẽ được hiển thị ở đây,"""C:\Users\phamt\OneDrive\Desktop\auto-iphone\picture iphone\14 series\14 Pro Max Purple.png""","""C:\Users\phamt\OneDrive\Desktop\auto-iphone\picture iphone\14 series\14 Pro Max Golden.png""","""C:\Users\phamt\OneDrive\Desktop\auto-iphone\picture iphone\14 series\14 Pro Max Silver.png""","""C:\Users\phamt\OneDrive\Desktop\auto-iphone\picture iphone\14 series\14 Pro Max Black.png""",,
59,59,iPhone 14 Pro Max,6/512,10.000.000,Thông số kĩ thuật sẽ được hiển thị ở đây,"""C:\Users\phamt\OneDrive\Desktop\auto-iphone\picture iphone\14 series\14 Pro Max Purple.png""","""C:\Users\phamt\OneDrive\Desktop\auto-iphone\picture iphone\14 series\14 Pro Max Golden.png""","""C:\Users\phamt\OneDrive\Desktop\auto-iphone\picture iphone\14 series\14 Pro Max Silver.png""","""C:\Users\phamt\OneDrive\Desktop\auto-iphone\picture iphone\14 series\14 Pro Max Black.png""",,
60,60,iPhone 14 Pro Max,6/1T,10.000.000,Thông số kĩ thuật sẽ được hiển thị ở đây,"""C:\Users\phamt\OneDrive\Desktop\auto-iphone\picture iphone\14 series\14 Pro Max Purple.png""","""C:\Users\phamt\OneDrive\Desktop\auto-iphone\picture iphone\14 series\14 Pro Max Golden.png""","""C:\Users\phamt\OneDrive\Desktop\auto-iphone\picture iphone\14 series\14 Pro Max Silver.png""","""C:\Users\phamt\OneDrive\Desktop\auto-iphone\picture iphone\14 series\14 Pro Max Black.png""",,
61,61,iPhone 15,6/128,10.000.000,Thông số kĩ thuật sẽ được hiển thị ở đây,"""C:\Users\phamt\OneDrive\Desktop\auto-iphone\picture iphone\15 series\15 Black.png""","""C:\Users\phamt\OneDrive\Desktop\auto-iphone\picture iphone\15 series\15 Blue.png""","""C:\Users\phamt\OneDrive\Desktop\auto-iphone\picture iphone\15 series\15 Green.png""","""C:\Users\phamt\OneDrive\Desktop\auto-iphone\picture iphone\15 series\15 Pink.png""","""C:\Users\phamt\OneDrive\Desktop\auto-iphone\picture iphone\15 series\15 Yellow.png""",
62,62,iPhone 15,6/256,10.000.000,Thông số kĩ thuật sẽ được hiển thị ở đây,"""C:\Users\phamt\OneDrive\Desktop\auto-iphone\picture iphone\15 series\15 Black.png""","""C:\Users\phamt\OneDrive\Desktop\auto-iphone\picture iphone\15 series\15 Blue.png""","""C:\Users\phamt\OneDrive\Desktop\auto-iphone\picture iphone\15 series\15 Green.png""","""C:\Users\phamt\OneDrive\Desktop\auto-iphone\picture iphone\15 series\15 Pink.png""","""C:\Users\phamt\OneDrive\Desktop\auto-iphone\picture iphone\15 series\15 Yellow.png""",
63,63,iPhone 15,6/512,10.000.000,Thông số kĩ thuật sẽ được hiển thị ở đây,"""C:\Users\phamt\OneDrive\Desktop\auto-iphone\picture iphone\15 series\15 Black.png""","""C:\Users\phamt\OneDrive\Desktop\auto-iphone\picture iphone\15 series\15 Blue.png""","""C:\Users\phamt\OneDrive\Desktop\auto-iphone\picture iphone\15 series\15 Green.png""","""C:\Users\phamt\OneDrive\Desktop\auto-iphone\picture iphone\15 series\15 Pink.png""","""C:\Users\phamt\OneDrive\Desktop\auto-iphone\picture iphone\15 series\15 Yellow.png""",
64,64,iPhone 15 Plus,6/128,10.000.000,Thông số kĩ thuật sẽ được hiển thị ở đây,"""C:\Users\phamt\OneDrive\Desktop\auto-iphone\picture iphone\15 series\15 Plus Blue.png""","""C:\Users\phamt\OneDrive\Desktop\auto-iphone\picture iphone\15 series\15 Plus Black.png""","""C:\Users\phamt\OneDrive\Desktop\auto-iphone\picture iphone\15 series\15 Plus Green.png""","""C:\Users\phamt\OneDrive\Desktop\auto-iphone\picture iphone\15 series\15 Plus Yellow.png""","""C:\Users\phamt\OneDrive\Desktop\auto-iphone\picture iphone\15 series\15 Plus Pink.png""",
65,65,iPhone 15 Plus,6/256,10.000.000,Thông số kĩ thuật sẽ được hiển thị ở đây,"""C:\Users\phamt\OneDrive\Desktop\auto-iphone\picture iphone\15 series\15 Plus Blue.png""","""C:\Users\phamt\OneDrive\Desktop\auto-iphone\picture iphone\15 series\15 Plus Black.png""","""C:\Users\phamt\OneDrive\Desktop\auto-iphone\picture iphone\15 series\15 Plus Green.png""","""C:\Users\phamt\OneDrive\Desktop\auto-iphone\picture iphone\15 series\15 Plus Yellow.png""","""C:\Users\phamt\OneDrive\Desktop\auto-iphone\picture iphone\15 series\15 Plus Pink.png""",
66,66,iPhone 15 Plus,6/512,10.000.000,Thông số kĩ thuật sẽ được hiển thị ở đây,"""C:\Users\phamt\OneDrive\Desktop\auto-iphone\picture iphone\15 series\15 Plus Blue.png""","""C:\Users\phamt\OneDrive\Desktop\auto-iphone\picture iphone\15 series\15 Plus Black.png""","""C:\Users\phamt\OneDrive\Desktop\auto-iphone\picture iphone\15 series\15 Plus Green.png""","""C:\Users\phamt\OneDrive\Desktop\auto-iphone\picture iphone\15 series\15 Plus Yellow.png""","""C:\Users\phamt\OneDrive\Desktop\auto-iphone\picture iphone\15 series\15 Plus Pink.png""",
67,67,iPhone 15 Pro,8/128,10.000.000,Thông số kĩ thuật sẽ được hiển thị ở đây,"""C:\Users\phamt\OneDrive\Desktop\auto-iphone\picture iphone\15 series\15 Pro Blue.png""","""C:\Users\phamt\OneDrive\Desktop\auto-iphone\picture iphone\15 series\15 Pro Grey.png""","""C:\Users\phamt\OneDrive\Desktop\auto-iphone\picture iphone\15 series\15 Pro White.png""","""C:\Users\phamt\OneDrive\Desktop\auto-iphone\picture iphone\15 series\15 Pro Black.png""",,
68,68,iPhone 15 Pro,8/256,10.000.000,Thông số kĩ thuật sẽ được hiển thị ở đây,"""C:\Users\phamt\OneDrive\Desktop\auto-iphone\picture iphone\15 series\15 Pro Blue.png""","""C:\Users\phamt\OneDrive\Desktop\auto-iphone\picture iphone\15 series\15 Pro Grey.png""","""C:\Users\phamt\OneDrive\Desktop\auto-iphone\picture iphone\15 series\15 Pro White.png""","""C:\Users\phamt\OneDrive\Desktop\auto-iphone\picture iphone\15 series\15 Pro Black.png""",,
69,69,iPhone 15 Pro,8/512,10.000.000,Thông số kĩ thuật sẽ được hiển thị ở đây,"""C:\Users\phamt\OneDrive\Desktop\auto-iphone\picture iphone\15 series\15 Pro Blue.png""","""C:\Users\phamt\OneDrive\Desktop\auto-iphone\picture iphone\15 series\15 Pro Grey.png""","""C:\Users\phamt\OneDrive\Desktop\auto-iphone\picture iphone\15 series\15 Pro White.png""","""C:\Users\phamt\OneDrive\Desktop\auto-iphone\picture iphone\15 series\15 Pro Black.png""",,
70,70,iPhone 15 Pro,8/1T,10.000.000,Thông số kĩ thuật sẽ được hiển thị ở đây,"""C:\Users\phamt\OneDrive\Desktop\auto-iphone\picture iphone\15 series\15 Pro Blue.png""","""C:\Users\phamt\OneDrive\Desktop\auto-iphone\picture iphone\15 series\15 Pro Grey.png""","""C:\Users\phamt\OneDrive\Desktop\auto-iphone\picture iphone\15 series\15 Pro White.png""","""C:\Users\phamt\OneDrive\Desktop\auto-iphone\picture iphone\15 series\15 Pro Black.png""",,
71,71,iPhone 15 Pro Max,8/256,10.000.000,Thông số kĩ thuật sẽ được hiển thị ở đây,"""C:\Users\phamt\OneDrive\Desktop\auto-iphone\picture iphone\15 series\15 Pro Max BLue.png""","""C:\Users\phamt\OneDrive\Desktop\auto-iphone\picture iphone\15 series\15 Pro Max Grey.png""","""C:\Users\phamt\OneDrive\Desktop\auto-iphone\picture iphone\15 series\15 Pro Max White.png""","""C:\Users\phamt\OneDrive\Desktop\auto-iphone\picture iphone\15 series\15 Pro Max Black.png""",,
72,72,iPhone 15 Pro Max,8/512,10.000.000,Thông số kĩ thuật sẽ được hiển thị ở đây,"""C:\Users\phamt\OneDrive\Desktop\auto-iphone\picture iphone\15 series\15 Pro Max BLue.png""","""C:\Users\phamt\OneDrive\Desktop\auto-iphone\picture iphone\15 series\15 Pro Max Grey.png""","""C:\Users\phamt\OneDrive\Desktop\auto-iphone\picture iphone\15 series\15 Pro Max White.png""","""C:\Users\phamt\OneDrive\Desktop\auto-iphone\picture iphone\15 series\15 Pro Max Black.png""",,
73,73,iPhone 15 Pro Max,8/1T,10.000.000,Thông số kĩ thuật sẽ được hiển thị ở đây,"""C:\Users\phamt\OneDrive\Desktop\auto-iphone\picture iphone\15 series\15 Pro Max BLue.png""","""C:\Users\phamt\OneDrive\Desktop\auto-iphone\picture iphone\15 series\15 Pro Max Grey.png""","""C:\Users\phamt\OneDrive\Desktop\auto-iphone\picture iphone\15 series\15 Pro Max White.png""","""C:\Users\phamt\OneDrive\Desktop\auto-iphone\picture iphone\15 series\15 Pro Max Black.png""",,
74,74,iPhone 16,8/128,10.000.000,Thông số kĩ thuật sẽ được hiển thị ở đây,"""C:\Users\phamt\OneDrive\Desktop\auto-iphone\picture iphone\16 series\16 Black.png""","""C:\Users\phamt\OneDrive\Desktop\auto-iphone\picture iphone\16 series\16 Blue.png""","""C:\Users\phamt\OneDrive\Desktop\auto-iphone\picture iphone\16 series\16 Green.png""","""C:\Users\phamt\OneDrive\Desktop\auto-iphone\picture iphone\16 series\16 Pink.png""","""C:\Users\phamt\OneDrive\Desktop\auto-iphone\picture iphone\16 series\16 White.png""",
75,75,iPhone 16,8/256,10.000.000,Thông số kĩ thuật sẽ được hiển thị ở đây,"""C:\Users\phamt\OneDrive\Desktop\auto-iphone\picture iphone\16 series\16 Black.png""","""C:\Users\phamt\OneDrive\Desktop\auto-iphone\picture iphone\16 series\16 Blue.png""","""C:\Users\phamt\OneDrive\Desktop\auto-iphone\picture iphone\16 series\16 Green.png""","""C:\Users\phamt\OneDrive\Desktop\auto-iphone\picture iphone\16 series\16 Pink.png""","""C:\Users\phamt\OneDrive\Desktop\auto-iphone\picture iphone\16 series\16 White.png""",
76,76,iPhone 16,8/512,10.000.000,Thông số kĩ thuật sẽ được hiển thị ở đây,"""C:\Users\phamt\OneDrive\Desktop\auto-iphone\picture iphone\16 series\16 Black.png""","""C:\Users\phamt\OneDrive\Desktop\auto-iphone\picture iphone\16 series\16 Blue.png""","""C:\Users\phamt\OneDrive\Desktop\auto-iphone\picture iphone\16 series\16 Green.png""","""C:\Users\phamt\OneDrive\Desktop\auto-iphone\picture iphone\16 series\16 Pink.png""","""C:\Users\phamt\OneDrive\Desktop\auto-iphone\picture iphone\16 series\16 White.png""",
77,77,iPhone 16 Plus,8/128,10.000.000,Thông số kĩ thuật sẽ được hiển thị ở đây,"""C:\Users\phamt\OneDrive\Desktop\auto-iphone\picture iphone\16 series\16 Plus Blue.png""","""C:\Users\phamt\OneDrive\Desktop\auto-iphone\picture iphone\16 series\16 Plus Green.png""","""C:\Users\phamt\OneDrive\Desktop\auto-iphone\picture iphone\16 series\16 Plus Pink.png""","""C:\Users\phamt\OneDrive\Desktop\auto-iphone\picture iphone\16 series\16 Plus White.png""","""C:\Users\phamt\OneDrive\Desktop\auto-iphone\picture iphone\16 series\16 Plus Black.png""",
78,78,iPhone 16 Plus,8/256,10.000.000,Thông số kĩ thuật sẽ được hiển thị ở đây,"""C:\Users\phamt\OneDrive\Desktop\auto-iphone\picture iphone\16 series\16 Plus Blue.png""","""C:\Users\phamt\OneDrive\Desktop\auto-iphone\picture iphone\16 series\16 Plus Green.png""","""C:\Users\phamt\OneDrive\Desktop\auto-iphone\picture iphone\16 series\16 Plus Pink.png""","""C:\Users\phamt\OneDrive\Desktop\auto-iphone\picture iphone\16 series\16 Plus White.png""","""C:\Users\phamt\OneDrive\Desktop\auto-iphone\picture iphone\16 series\16 Plus Black.png""",
79,79,iPhone 16 Plus,8/512,10.000.000,Thông số kĩ thuật sẽ được hiển thị ở đây,"""C:\Users\phamt\OneDrive\Desktop\auto-iphone\picture iphone\16 series\16 Plus Blue.png""","""C:\Users\phamt\OneDrive\Desktop\auto-iphone\picture iphone\16 series\16 Plus Green.png""","""C:\Users\phamt\OneDrive\Desktop\auto-iphone\picture iphone\16 series\16 Plus Pink.png""","""C:\Users\phamt\OneDrive\Desktop\auto-iphone\picture iphone\16 series\16 Plus White.png""","""C:\Users\phamt\OneDrive\Desktop\auto-iphone\picture iphone\16 series\16 Plus Black.png""",
80,80,iPhone 16 Pro,8/128,10.000.000,Thông số kĩ thuật sẽ được hiển thị ở đây,"""C:\Users\phamt\OneDrive\Desktop\auto-iphone\picture iphone\16 series\16 Pro Yellow.png""","""C:\Users\phamt\OneDrive\Desktop\auto-iphone\picture iphone\16 series\16 Pro Grey.png""","""C:\Users\phamt\OneDrive\Desktop\auto-iphone\picture iphone\16 series\16 Pro White.png""","""C:\Users\phamt\OneDrive\Desktop\auto-iphone\picture iphone\16 series\16 Pro Black.png""",,
81,81,iPhone 16 Pro,8/256,10.000.000,Thông số kĩ thuật sẽ được hiển thị ở đây,"""C:\Users\phamt\OneDrive\Desktop\auto-iphone\picture iphone\16 series\16 Pro Yellow.png""","""C:\Users\phamt\OneDrive\Desktop\auto-iphone\picture iphone\16 series\16 Pro Grey.png""","""C:\Users\phamt\OneDrive\Desktop\auto-iphone\picture iphone\16 series\16 Pro White.png""","""C:\Users\phamt\OneDrive\Desktop\auto-iphone\picture iphone\16 series\16 Pro Black.png""",,
82,82,iPhone 16 Pro,8/512,10.000.000,Thông số kĩ thuật sẽ được hiển thị ở đây,"""C:\Users\phamt\OneDrive\Desktop\auto-iphone\picture iphone\16 series\16 Pro Yellow.png""","""C:\Users\phamt\OneDrive\Desktop\auto-iphone\picture iphone\16 series\16 Pro Grey.png""","""C:\Users\phamt\OneDrive\Desktop\auto-iphone\picture iphone\16 series\16 Pro White.png""","""C:\Users\phamt\OneDrive\Desktop\auto-iphone\picture iphone\16 series\16 Pro Black.png""",,
83,83,iPhone 16 Pro,8/1T,10.000.000,Thông số kĩ thuật sẽ được hiển thị ở đây,"""C:\Users\phamt\OneDrive\Desktop\auto-iphone\picture iphone\16 series\16 Pro Yellow.png""","""C:\Users\phamt\OneDrive\Desktop\auto-iphone\picture iphone\16 series\16 Pro Grey.png""","""C:\Users\phamt\OneDrive\Desktop\auto-iphone\picture iphone\16 series\16 Pro White.png""","""C:\Users\phamt\OneDrive\Desktop\auto-iphone\picture iphone\16 series\16 Pro Black.png""",,
84,84,iPhone 16 Pro Max,8/256,10.000.000,Thông số kĩ thuật sẽ được hiển thị ở đây,"""C:\Users\phamt\OneDrive\Desktop\auto-iphone\picture iphone\16 series\16 Pro Max Yellow.png""","""C:\Users\phamt\OneDrive\Desktop\auto-iphone\picture iphone\16 series\16 Pro Max Grey.png""","""C:\Users\phamt\OneDrive\Desktop\auto-iphone\picture iphone\16 series\16 Pro Max White.png""","""C:\Users\phamt\OneDrive\Desktop\auto-iphone\picture iphone\16 series\16 Pro Max Black.png""",,
85,85,iPhone 16 Pro Max,8/512,10.000.000,Thông số kĩ thuật sẽ được hiển thị ở đây,"""C:\Users\phamt\OneDrive\Desktop\auto-iphone\picture iphone\16 series\16 Pro Max Yellow.png""","""C:\Users\phamt\OneDrive\Desktop\auto-iphone\picture iphone\16 series\16 Pro Max Grey.png""","""C:\Users\phamt\OneDrive\Desktop\auto-iphone\picture iphone\16 series\16 Pro Max White.png""","""C:\Users\phamt\OneDrive\Desktop\auto-iphone\picture iphone\16 series\16 Pro Max Black.png""",,
86,86,iPhone 16 Pro Max,8/1T,10.000.000,Thông số kĩ thuật sẽ được hiển thị ở đây,"""C:\Users\phamt\OneDrive\Desktop\auto-iphone\picture iphone\16 series\16 Pro Max Yellow.png""","""C:\Users\phamt\OneDrive\Desktop\auto-iphone\picture iphone\16 series\16 Pro Max Grey.png""","""C:\Users\phamt\OneDrive\Desktop\auto-iphone\picture iphone\16 series\16 Pro Max White.png""","""C:\Users\phamt\OneDrive\Desktop\auto-iphone\picture iphone\16 series\16 Pro Max Black.png""",,
87,87,iPhone 17,8/256,10.000.000,Thông số kĩ thuật sẽ được hiển thị ở đây,"""C:\Users\phamt\OneDrive\Desktop\auto-iphone\picture iphone\17 series\17 Black.png""","""C:\Users\phamt\OneDrive\Desktop\auto-iphone\picture iphone\17 series\17 Blue.png""","""C:\Users\phamt\OneDrive\Desktop\auto-iphone\picture iphone\17 series\17 Green.png""","""C:\Users\phamt\OneDrive\Desktop\auto-iphone\picture iphone\17 series\17 Purple.png""","""C:\Users\phamt\OneDrive\Desktop\auto-iphone\picture iphone\17 series\17 White.png""",
88,88,iPhone 17,8/512,10.000.000,Thông số kĩ thuật sẽ được hiển thị ở đây,"""C:\Users\phamt\OneDrive\Desktop\auto-iphone\picture iphone\17 series\17 Black.png""","""C:\Users\phamt\OneDrive\Desktop\auto-iphone\picture iphone\17 series\17 Blue.png""","""C:\Users\phamt\OneDrive\Desktop\auto-iphone\picture iphone\17 series\17 Green.png""","""C:\Users\phamt\OneDrive\Desktop\auto-iphone\picture iphone\17 series\17 Purple.png""","""C:\Users\phamt\OneDrive\Desktop\auto-iphone\picture iphone\17 series\17 White.png""",
89,89,iPhone 17 Air,8/256,10.000.000,Thông số kĩ thuật sẽ được hiển thị ở đây,"""C:\Users\phamt\OneDrive\Desktop\auto-iphone\picture iphone\17 series\17 Air Blue.png""","""C:\Users\phamt\OneDrive\Desktop\auto-iphone\picture iphone\17 series\17 Air White.png""","""C:\Users\phamt\OneDrive\Desktop\auto-iphone\picture iphone\17 series\17 Air Black.png""",,,
90,90,iPhone 17 Air,8/512,10.000.000,Thông số kĩ thuật sẽ được hiển thị ở đây,"""C:\Users\phamt\OneDrive\Desktop\auto-iphone\picture iphone\17 series\17 Air Blue.png""","""C:\Users\phamt\OneDrive\Desktop\auto-iphone\picture iphone\17 series\17 Air White.png""","""C:\Users\phamt\OneDrive\Desktop\auto-iphone\picture iphone\17 series\17 Air Black.png""",,,
91,91,iPhone 17 Pro,12/256,10.000.000,Thông số kĩ thuật sẽ được hiển thị ở đây,"""C:\Users\phamt\OneDrive\Desktop\auto-iphone\picture iphone\17 series\17 Pro White.png""","""C:\Users\phamt\OneDrive\Desktop\auto-iphone\picture iphone\17 series\17 Pro Cosmic.png""","""C:\Users\phamt\OneDrive\Desktop\auto-iphone\picture iphone\17 series\17 Pro Deep Blue.png""",,,
92,92,iPhone 17 Pro,12/512,10.000.000,Thông số kĩ thuật sẽ được hiển thị ở đây,"""C:\Users\phamt\OneDrive\Desktop\auto-iphone\picture iphone\17 series\17 Pro White.png""","""C:\Users\phamt\OneDrive\Desktop\auto-iphone\picture iphone\17 series\17 Pro Cosmic.png""","""C:\Users\phamt\OneDrive\Desktop\auto-iphone\picture iphone\17 series\17 Pro Deep Blue.png""",,,
93,93,iPhone 17 Pro,12/1T,10.000.000,Thông số kĩ thuật sẽ được hiển thị ở đây,"""C:\Users\phamt\OneDrive\Desktop\auto-iphone\picture iphone\17 series\17 Pro White.png""","""C:\Users\phamt\OneDrive\Desktop\auto-iphone\picture iphone\17 series\17 Pro Cosmic.png""","""C:\Users\phamt\OneDrive\Desktop\auto-iphone\picture iphone\17 series\17 Pro Deep Blue.png""",,,
94,94,iPhone 17 Pro Max,8/256,10.000.000,Thông số kĩ thuật sẽ được hiển thị ở đây,"""C:\Users\phamt\OneDrive\Desktop\auto-iphone\picture iphone\17 series\17 Pro Max Orange.png""","""C:\Users\phamt\OneDrive\Desktop\auto-iphone\picture iphone\17 series\17 Pro Max White.png""","""C:\Users\phamt\OneDrive\Desktop\auto-iphone\picture iphone\17 series\17 Pro Max Deep Blue.png""",,,
95,95,iPhone 17 Pro Max,8/512,10.000.000,Thông số kĩ thuật sẽ được hiển thị ở đây,"""C:\Users\phamt\OneDrive\Desktop\auto-iphone\picture iphone\17 series\17 Pro Max Orange.png""","""C:\Users\phamt\OneDrive\Desktop\auto-iphone\picture iphone\17 series\17 Pro Max White.png""","""C:\Users\phamt\OneDrive\Desktop\auto-iphone\picture iphone\17 series\17 Pro Max Deep Blue.png""",,,
96,96,iPhone 17 Pro Max,8/1T,10.000.000,Thông số kĩ thuật sẽ được hiển thị ở đây,"""C:\Users\phamt\OneDrive\Desktop\auto-iphone\picture iphone\17 series\17 Pro Max Orange.png""","""C:\Users\phamt\OneDrive\Desktop\auto-iphone\picture iphone\17 series\17 Pro Max White.png""","""C:\Users\phamt\OneDrive\Desktop\auto-iphone\picture iphone\17 series\17 Pro Max Deep Blue.png""",,,